cdr3,count
ASSLAGGQGDTQY,89692
ASTRLAGVTYEQY,54811
SASTLAGGGTGELF,52182
ASSGTGAFNEKLF,46094
SARDTGNTEAF,20955
ASSIIGDEQF,16746
ASSSQGADTQY,11349
ASSLGQGETYEQY,7482
ASSLLGKTGPGSSYEQY,7197
ASSEMGGYSNQPQH,7137
ASTLGRANEKLF,5078
SGMESQETQY,3673
ASSSRDRGTGQPQH,3639
AISRSVNTEAF,2707
ASVPGQALGEQY,2511
ASSPDRGRNYEQY,2389
ASSYSLRGTGVNEQF,2176
ASSPRPGQAYEQY,1930
ASSLVQGKAF,1774
SARALMTGKTV,1247
SLWTGGSGEQY,1239
ASSIDHGSNQPQH,1069
ATSDFPQGVFYNEQF,919
ASSESQGFGTEAF,824
ASTSVVTDTQY,708
ASSPPPNFNTEAF,670
ASTLPGGTAWY,599
ASSHGQGKFRANQPQH,595
ATSDLGVNQPQH,589
ASSLDGAGMAYEQY,586
ASSDVNTEAF,582
ASSLALGPDSPLH,555
ASSLELAGEDTQY,540
ASSLGGSPLH,485
APRAGGNTGELF,410
SAIQVGGLDEQY,406
ASSLGVTGELF,335
ASSSDLFDEKLF,322
ASSSLGARGIGDTQY,302
ASSPPAGDIQY,279
ASSLLVLAGGPQRTGELF,254
ASSLDPGGTDTQY,246
ASSQGVAGTTGELF,242
ASSLLGVNEQF,231
ASSLRRFSYEQY,213
ASDTGQAGANVLT,193
ASTHGIAEQY,171
ASNSRGGYYEQY,163
ASSLGRVSNEKLF,157
ASSEWETQY,154
ASSLALLWQS,130
ASSQFRGLRGYT,92
ASSLNSNYGYT,89
ASRWGSGAQY,85
ASSYLGDPNEQY,82
ASSYTGHNTDTQY,79
ASSRETRQIEAF,77
ASSIPSTGGRYGYT,74
ASSKQGPPYEQY,65
ASSYLAENQETQY,60
ASSIESAGGTQY,55
SPLEADQETQY,54
ASSDRGPIQETQY,54
ASSVAYGTDTQY,53
ASSLMFVTGELF,53
ASSLDTGGSDTQY,53
ASSFGTNGESPLH,51
ASRSSRIDEQY,50
ASLLGSYVDTQY,50
ASSAGRGDYIT,45
ASSPRQGGTYGYT,42
ASSLFRGTEAF,39
SARRGTEAF,38
ASSWTGGRYANTGELF,36
ASTYNHGSYEQY,32
ASSGGAGVTDTQY,31
ASTDSSNQPQH,30
ASSLGRGGYT,30
ASSLGPAIYYGYT,28
ASTLQGNYGYT,27
AWSVGTSTDTQY,26
ASSGVGQGREDTQY,26
SARDLGGGSMRTDTQY,25
ASTSEETQY,25
ASSESSWGGLAGDPSGANVLT,25
ASSLGRGETYEQY,23
ASSPRDIEAGELF,22
SASPGQGFSEQF,21
ASSQEWGIYEQY,20
ASSFRGMNTEAF,20
ATSDYPGEEENEQF,19
ASSSVGISYNEQF,19
ASSSSGNTEAF,19
ASSPDRVREQY,18
ASSLVASGGFADTQY,18
SASDTGNTEAF,15
ASSTRPGTGGAGTEAF,15
ASSEIGKGNTGELF,15
ASSSQNQPQH,14
SVPRAGSYGYT,13
ASSYSFPPTEAF,13
ASSPRDRGVGYT,13
ASSETGARQETQY,13
ASSLLWITDTQY,11
ASTLAGGGTGELF,10
ASSYTAADYGYT,10
ASSHSDRGQETQY,10
ASAPGGNTEAF,10
SASTLAGGGTGELY,9
ASSNPGQGSQPQH,9
ASSMVHLADTQY,9
ASSLPGTAWGSSYNEQF,9
ASSLPGSYEQY,9
ASSLGPSYEQY,9
ASRHGTEAF,9
ASSPYAGANYGYT,8
ASSIDPPGNMNTEAF,8
ASRPRTGVHTEAF,8
SARVEFGTSGESSYNEQF,7
ASSYSRRGREETQY,7
ASSLVQGRAF,7
ASSLAVQETQY,7
ASSFLLSGGDTGELF,7
ASSESPGNSNQPQH,7
ASRLRQGPTEAF,7
ASRGPWDRALDGYT,7
SARDSQIYEQY,6
ATSRDGGSGNTIY,6
ATSDTTGRSVGANVLT,6
ASVRGSTEAF,6
ASSYPLRGTGVNEQF,6
ASSYGGTGANVLT,6
ASSQDRTGGTEAF,6
ASSQASGGAGDTQY,6
ASSPQGADTQY,6
ASSPLIANEQY,6
ASSPGGTEQY,6
ASSLVQGEAF,6
ASSLIGEPQH,6
ASSLGGTGELF,6
ASSIRQDGALYGYT,6
ASSHRGTQY,6
ASNPRGSEAF,6
ASISGNQPQH,6
SLWTGGSGKQY,5
SATGGTGSYNEQF,5
SASAGTGVGNTEAF,5
AWSPRDGGTDTQY,5
AWALAGGRFQETQY,5
ATSRGLRDEQF,5
ASSSRGRGTGQPQH,5
ASSSRDRGTGRPQH,5
ASSQDGGAEPEAF,5
ASSQAPGGIQY,5
ASSPTPRTSHEQY,5
ASSPLPDGYT,5
ASSPAGGTGLETQY,5
ASSNPGQDNQPQH,5
ASSLVQGKAL,5
ASSLVGGTEAF,5
ASSLLWTGATNTEAF,5
ASSLISGNTIY,5
ASSLGYAGAYEQY,5
ASSLGPNTEAF,5
ASSLELLAGGSGEQY,5
ASSLEGGKGYGYT,5
ASSFNGLNTEAF,5
ASRRGYTDTQY,5
ASGEGLLPVTEAF,5
SASTLAGGGHRGAV,4
SARGTQTGSNEQY,4
ASTAGLTEAF,4
ASSYSLWGTGVNEQF,4
ASSYQEGAEAF,4
ASSSQGAGTQY,4
ASSRGGAGYEQY,4
ASSQSPTGSAYEQY,4
ASSQIGTGVGEAF,4
ASSQGTGPGSEQF,4
ASSQDSAVGSSPLH,4
ASSPSGTVVNSPLH,4
ASSPPGPGNTIY,4
ASSPGTTKETQY,4
ASSPGQLSNQPQH,4
ASSNPGQGNQPQH,4
ASSNPGQGDQPQH,4
ASSLSSGVGTEAF,4
ASSLKRGGNSPLH,4
ASSLGTVQRNTEAF,4
ASSLEAGSYEQY,4
ASSLDGGALRETQY,4
ASSLARGGAQETQY,4
ASRKGTGELF,4
ASRIGEETQY,4
ASKEGSTEAF,4
ASISRGALGAKNIQY,4
SPWTGGSGEQY,3
SASSGVRDEKLF,3
SASRGLNTEAF,3
SASPPLDRVTDTQY,3
SASDRRGVTDTQY,3
SARSPAGGGEQY,3
SARGGGRTEAF,3
SARGGAETGEKLF,3
SARGDSNQPQH,3
SAQNPGRPEKLF,3
SAIQVGGLDGQY,3
ATSTQGETEAF,3
ATSRDRYGGYEQY,3
ASTPGGRNTEAF,3
ASTNQTSMYLCASSGTGAFNEKLF,3
ASSYSTGEKLF,3
ASSYSLRGTGVSEQF,3
ASSSXDRGTGQPQH,3
ASSSRDRGMGQPQH,3
ASSSNQDHISYNEQF,3
ASSSLGARGIGGTQY,3
ASSSFGQGYEQY,3
ASSRQGADTEAF,3
ASSQTEVMNTEAF,3
ASSQGASPRNEQF,3
ASSPTVNRANYGYT,3
ASSPTGHTYEQY,3
ASSPRQPGYT,3
ASSPLTGNQETQY,3
ASSPKTGRETQY,3
ASSPGLAAYEQY,3
ASSNPGQGNRPQH,3
ASSNNPSTDTQY,3
ASSLTQVLGYT,3
ASSLGGGPTEAF,3
ASSLAGRQGDTQY,3
ASSLAGEQGDTQY,3
ASSISGADNEQF,3
ASSFQGNPQETQY,3
ASSFAGQSYEQY,3
ASSEVAGGPDTQY,3
ASSERGNTEAF,3
ASSEAGAFTDTQY,3
ASSDFGMNTEAF,3
ASRRGGDYGYT,3
ASRPSGGPDTQY,3
ASIYNTDTQY,3
ASIPRAGGNQPQH,3
ASIPGPGEYEQF,3
AITGTSGAPQY,3
AIGGGGSEAQH,3
SPSGPGQDYNEQF,2
SPLEADRETQY,2
SAVRTDTQY,2
SATGKGGETQY,2
SASTPAGGDTGELF,2
SASTLAGGTGELF,2
SASTLAGGAPGSCF,2
SARWYQRGQNSPLH,2
SARVSYGDGYT,2
SARTSSYEQY,2
SARGGQGLNTGELF,2
SAREAGTTYEQY,2
SARDSGLSTDTQY,2
SARDQGARGNQPQH,2
SARDMRTGDQPQH,2
SAPTLAGGGAGELF,2
SALLAGGRNEQF,2
SAKRTSDNSPLH,2
SAGRDRAAGSAKNIQY,2
AWSVLPTNEQF,2
ATSLGYKQPQH,2
ATSDLRFGYEQY,2
ATSAGQGNTEAF,2
ATDRGGRGRDGYT,2
ASTSVDTDTQY,2
ASTRLAGVTCEQY,2
ASTRLAGVAYEQY,2
ASTQSPSYEQY,2
ASTQGSRGYT,2
ASTPTQGELGEETQY,2
ASTPPGGTAWY,2
ASTLPGGAAWY,2
ASTGLAGVTYEQY,2
ASSYSNPGVTDTQY,2
ASSYRKETQY,2
ASSYNSYTGELF,2
ASSYLLSEYNSPLH,2
ASSYGDTQY,2
ASSVTTGDPNEKLF,2
ASSVDRRSPGELF,2
ASSTGTSSTNEQF,2
ASSSRNRGTGQPQH,2
ASSSRDRGAGQPQH,2
ASSSQDRGTGQPQH,2
ASSSPNSATEAF,2
ASSSLTSGPYNEQF,2
ASSSLQGPDNNSPLH,2
ASSSLAGREQY,2
ASSSGSTDTQY,2
ASSSGQVTYNEQF,2
ASSSGNYGYT,2
ASSSAGGQGDTQY,2
ASSRGHTNTEAF,2
ASSREIRQIEAF,2
ASSRDRANTDTQY,2
ASSQVQGRYEQY,2
ASSQVGGSGNTIY,2
ASSQTTGNTEAF,2
ASSQTAPEGARAEAF,2
ASSQQGDKAF,2
ASSQGPGEAYEQY,2
ASSQGGTGVPYNEQF,2
ASSQGDIMNTEAF,2
ASSQDYGQGGANVLT,2
ASSQDVGGAGGYT,2
ASSQDETASYEQY,2
ASSQDADRVGYGYT,2
ASSQAQGQNTEAF,2
ASSPSRGGGMNTEAF,2
ASSPSGTSGGLETQY,2
ASSPRGLANNEQF,2
ASSPNPGTGGFYGYT,2
ASSPLGSEETQY,2
ASSPGTVTSTDTQY,2
ASSPGNTIY,2
ASSPGLAGEETQY,2
ASSNLAGGPNSYNEQF,2
ASSMSGVLGYT,2
ASSMRTSGGLTDTQY,2
ASSLYSNQPQH,2
ASSLYGTGGAGANVLT,2
ASSLWGTGVTEKLF,2
ASSLVGSPYGYT,2
ASSLTVSNQPQH,2
ASSLTGSPTDTQY,2
ASSLTGGPYNEQF,2
ASSLSVAGTPEQY,2
ASSLSRGSLYGYT,2
ASSLSPDEQY,2
ASSLRVTGELF,2
ASSLRSQVNTEAF,2
ASSLRRFPYEQY,2
ASSLQRVGTEAF,2
ASSLGYAEAF,2
ASSLGTGSGTDTQY,2
ASSLGQRETYEQY,2
ASSLGQMNTEAF,2
ASSLGGTEAF,2
ASSLFGGAQPIQY,2
ASSLELTYEQY,2
ASSLEGTGRTEAF,2
ASSLASTGNYGYT,2
ASSLASHITDTQY,2
ASSISIDTEAF,2
ASSINSGRPPEAF,2
ASSIIGNEQF,2
ASSIDGLSNQPQH,2
ASSIDALDPSYNEQF,2
ASSHGGDAYGYT,2
ASSHFGQGQETQY,2
ASSHFGQGETYEQY,2
ASSGSNYGYT,2
ASSFTRGDTEAF,2
ASSFTFSYEQY,2
ASSFRTNEKLF,2
ASSFAQAGSPLH,2
ASSENSGGNEQF,2
ASSEFNPKVRGAF,2
ASSDPGSTDTQY,2
ASSDPGGTEAF,2
ASSAMWTGLVNTEAF,2
ASSAGQGSHGYT,2
ASSAGQGNTEAF,2
ASRTGGSTGELF,2
ASRPLRDRGVNTEAF,2
ASRNRDRDLNYGYT,2
ASRGQGAYT,2
ASRGDRTGHQPQH,2
ASMEPGAQKKRDTQY,2
ASKKGGYGYT,2
ASKGSGANVLT,2
ASIRLAGVTYEQY,2
ASIRGNSIYGYT,2
ASGQELYEQY,2
ASGPPRDTLYEQY,2
ASGIFQESGNQPQH,2
APRTGGNTGELF,2
AISNTDTYNEQF,2
AISESGTGREQY,2
AISDPTVSQETQY,2
VYAGVVRGEAF,1
VGSGTGAFNEKLF,1
TSSLGRVSNEKLF,1
TSSLAGGQGNTQY,1
SVVEMRNEQY,1
SVPPRPGDTQY,1
SVPGAGSYGYT,1
STSTLAGGGIGELF,1
SPLEADQETQL,1
SPLDADQETQY,1
SPKDLITDTQY,1
SLWTGGSGELF,1
SGMKSQETQY,1
SGMGSQETQY,1
SGLESQETQY,1
SEMESQETQY,1
SAWTGPWGNEQF,1
SAVNRGPLSYNEQF,1
SATPWAGTLGGHQETQY,1
SATPLDRSTDTQY,1
SATNRRTGNQPQH,1
SATDPGARGTQTQY,1
SATAGSHEQY,1
SASTLAGGNTGELF,1
SASRAGVSYEQY,1
SASPLAGGGTGELF,1
SASGGGKGTDTQY,1
SASAVQLGRDTQY,1
SASALAGGGTGELF,1
SASALAGGGAGELF,1
SARSPGQGGEQY,1
SARNTGNTEAF,1
SARMDASPFTEAF,1
SARLTGGKETQY,1
SARGYTGELF,1
SARGWGQSNQPQH,1
SARGTSGGENIQY,1
SARGGGSYEQY,1
SARGDGNYGYT,1
SARFDRGIRNEKLF,1
SARDTARGFEQF,1
SARDLTGPVDYGYT,1
SARDIGDTEAF,1
SARAPGAQDTEAF,1
SARALMTGKTI,1
SAPILAGGGTGELF,1
SAPGGGLETQY,1
SANSVEHRADEKLF,1
SAKDTSRTEAF,1
SAFTLAGGGTGELF,1
SAEDSSNQPQH,1
SADPRGLGTEAF,1
SADHEGESYEQY,1
GGMESQETQY,1
AWSVVLGQNVPQETQY,1
AWSVGLSYNEQF,1
AWSGDRELF,1
AWREPKNIQY,1
AWGTSGGVQNTQY,1
ATSRDSSGETQY,1
ATSDAWDEQY,1
ATRPEARGVDTQY,1
ATQDSNTGELF,1
ATLTGAHYEQY,1
ATKSSGGTTVSHYEQY,1
ATGQGWNEQY,1
ATETSGGAPEQF,1
ASVSGGGTYEQY,1
ASVPGQALDEQY,1
ASVLSRTGGHEQY,1
ASVLGQALGEQY,1
ASTYNHGTYEQY,1
ASTWLARVTYEQY,1
ASTTRHEQF,1
ASTTGGVTGYT,1
ASTSVVADTQY,1
ASTSAVTDTQY,1
ASTRPAGVTYEQY,1
ASTRPAGATYEQY,1
ASTRLTRVTYEQY,1
ASTRLEGVTYEQY,1
ASTRLAGVTCKQY,1
ASTRLAGATYEQY,1
ASTQGPGTSGANVLT,1
ASTQGPGGPNTGELF,1
ASTPLAGDTGELF,1
ASTLSLIANTEAF,1
ASTLSGGTAWY,1
ASTLRTGSYEQY,1
ASTLPGGTARY,1
ASTLPGGIAWY,1
ASTGDLFEAF,1
ASSYTGNNTDTQY,1
ASSYSVFDYT,1
ASSYSSGQHSYGYT,1
ASSYSRGGGYNEQF,1
ASSYSQRGAEQY,1
ASSYSLQGTGVNEQF,1
ASSYSGTLNTEAF,1
ASSYSGRSRFQETQY,1
ASSYSGREGYT,1
ASSYSAGRNEQY,1
ASSYRTGWANTEAF,1
ASSYRTGWADTEAF,1
ASSYRRGYEQY,1
ASSYPQGPGNQPQH,1
ASSYPLQQETQY,1
ASSYLSGHNEKLF,1
ASSYLKTGTQY,1
ASSYLGRKETQY,1
ASSYKGVTEAF,1
ASSYKGQGNGYT,1
ASSYGRGGFSNQPQH,1
ASSYGKGTDTQY,1
ASSYERRTDEAF,1
ASSYALSGLNIQY,1
ASSYAGNYGYT,1
ASSWTGAGYGYT,1
ASSWERDTSPSNEQF,1
ASSTRQGGIQETQY,1
ASSTKGKEQY,1
ASSTDAGREDTQY,1
ASSSXLLGILGNTIY,1
ASSSVPGLAGGPRDTQY,1
ASSSTVQGSYNEQF,1
ASSSTVDQPQH,1
ASSSTRNQPQH,1
ASSSRQGESPLH,1
ASSSRDRGSPLH,1
ASSSRASGGTQY,1
ASSSQEADTQY,1
ASSSPSGTSPFGPNQPQH,1
ASSSPLGRDNTGELF,1
ASSSPHSAGGQETQY,1
ASSSPGTGGNEQF,1
ASSSPDSISYNSPLH,1
ASSSNDGQGLMNTEAF,1
ASSSLRLNTEAF,1
ASSSGTPANEKLF,1
ASSSGSATILEAF,1
ASSSGQHSSYNEQF,1
ASSSGQGASYEQY,1
ASSSGQDNQPQH,1
ASSSGGGGSRETQY,1
ASSSEGISYNEQF,1
ASSSDSFDEKLF,1
ASSSDLSDEKLF,1
ASSSASNQPQH,1
ASSSAGSGNSPLH,1
ASSSAGRQGDTQY,1
ASSRYYPPRTGDGYT,1
ASSRRETQY,1
ASSRQAGISYNEQF,1
ASSRLAEVTYEQY,1
ASSRELTGTGGPKNNSPLH,1
ASSRDNRNTEAF,1
ASSQSRGYTYGYT,1
ASSQKVFGYT,1
ASSQISRFAEQY,1
ASSQGPISSYEQY,1
ASSQGHGVDEQF,1
ASSQGGVPYEQY,1
ASSQDWDDGKVAKNIQY,1
ASSQDSISYEQY,1
ASSQDSGLAANTGELF,1
ASSQDARGAKPSKNIQY,1
ASSQATSGGKETQY,1
ASSQASGTFYNEQF,1
ASSPYFSQGSNQPQH,1
ASSPYDNSNQPQH,1
ASSPXQGGTYGYT,1
ASSPTRFDRGYEQY,1
ASSPTNRGGTDTQY,1
ASSPTGSNTGELF,1
ASSPTGSNQPQH,1
ASSPTGGCDPQH,1
ASSPTAWGTEAF,1
ASSPSSDLNPQY,1
ASSPRVSSYNEQF,1
ASSPRGSGGGYT,1
ASSPRDRVQETQY,1
ASSPRAYNYGYT,1
ASSPQSGGAFYEQY,1
ASSPQAGDIQY,1
ASSPPGRTNEKLF,1
ASSPPGQGPNSPLH,1
ASSPMTGYNEQF,1
ASSPLGADTQY,1
ASSPGPAETDTQY,1
ASSPGLAGGTIPTDTQY,1
ASSPGLAGGTGELF,1
ASSPGLAGGSYTGELF,1
ASSPGGLNTGELF,1
ASSPFGLAGNEQF,1
ASSPEGGPADTQY,1
ASSPDGGRNYEQY,1
ASSPAGGLGEKLF,1
ASSNPGLAGGPGDTGELF,1
ASSNLQGTYEQY,1
ASSMDRTQETQY,1
ASSLYPHNEQF,1
ASSLXRGGYT,1
ASSLWRVSNEKLF,1
ASSLTTGNEQY,1
ASSLTSEQF,1
ASSLTGGGLDNEQF,1
ASSLTGDNQPQH,1
ASSLSRETQYFGPGTRLLVLGCAVGRLYEQY,1
ASSLSGTAFNSPLH,1
ASSLSGQETQY,1
ASSLSGGGYEQY,1
ASSLRTYGYT,1
ASSLRTGSYEQY,1
ASSLRTGSDQY,1
ASSLRRVSNEKLF,1
ASSLRRFSYEQF,1
ASSLRQGDTGELF,1
ASSLRITGSHGYT,1
ASSLRGSGNGYT,1
ASSLRGGNYEQY,1
ASSLQQGGNTEAF,1
ASSLQGYGYT,1
ASSLPAGDIQY,1
ASSLNSSYGYT,1
ASSLNGAGMAYEQY,1
ASSLMTNTEAF,1
ASSLMGDSQPQH,1
ASSLLVLAGGLQRTGELF,1
ASSLLVLAGEPQRTGELF,1
ASSLLTDTQY,1
ASSLLRVNEQF,1
ASSLLGRVAGDNEQF,1
ASSLLGKTEPGSSYEQY,1
ASSLLGASPLH,1
ASSLIGGSGNTIY,1
ASSLGTNGESPLH,1
ASSLGSAIYYGYT,1
ASSLGQGVTYEQY,1
ASSLGQGETHEQY,1
ASSLGQEETYEQY,1
ASSLGLAGLNEQF,1
ASSLGGARQGPLNYGYT,1
ASSLFGTGGEGNYGYT,1
ASSLFASNTGELF,1
ASSLESYEQY,1
ASSLESSSSLRGYT,1
ASSLEPQGGSPLH,1
ASSLEGSSGF,1
ASSLEGASQPQH,1
ASSLDWGSPGGNTGELF,1
ASSLDTGQTYEQY,1
ASSLDQGASPLH,1
ASSLDPGGIDTQY,1
ASSLDLGGTDTQY,1
ASSLDGGTLRETQY,1
ASSLDGGGLTDTQY,1
ASSLDGAGMVYEQY,1
ASSLDGAGMACEQY,1
ASSLARGQGDTQY,1
ASSLAGRPGDTQY,1
ASSLAGGQGYTQY,1
ASSLAGGQEDTQY,1
ASSLAGEQGGTQY,1
ASSLAGAHEQF,1
ASSLAEGQGVTQY,1
ASSKPGGGKNEQF,1
ASSISGGAQYAGELF,1
ASSIPFTGGRDGYT,1
ASSILGRSSGNTIY,1
ASSIDKDYEQY,1
ASSIALADTQY,1
ASSHSPADSYNEQF,1
ASSHSHFHQPQH,1
ASSHRQGKFRANQPQH,1
ASSHLGQTNTEAF,1
ASSHGQGKFRVNQPQH,1
ASSHGQGKFRASQPQH,1
ASSHGQGKFQANQPQH,1
ASSGTGRNTGELF,1
ASSGTGAFSEKLF,1
ASSGTAYEQY,1
ASSGGSYEQY,1
ASSFWGQGQETQY,1
ASSFVREETQY,1
ASSFVQGTDTQY,1
ASSFRGMDTEAF,1
ASSFRDRGLSSPLH,1
ASSFMREETQY,1
ASSFLGKTGPRSSYEQY,1
ASSFILDRDTEAF,1
ASSFGTDGESPLH,1
ASSFGQGASPLH,1
ASSFGLTAHEQY,1
ASSFGGLSYEQY,1
ASSEXSWGGLAGDPSGANVLT,1
ASSEWGTQY,1
ASSEWESQY,1
ASSEVEAGEAF,1
ASSETRMSIAF,1
ASSESQGIGTEAF,1
ASSEQGPPYEQY,1
ASSEPLGGLTRVGDSPLH,1
ASSEPGQGYQPQH,1
ASSENSNQPQH,1
ASSEGTTHNSPLH,1
ASSEEYNSPLH,1
ASSEERYSPLH,1
ASSEARSGSPLH,1
ASSEAKPLNTGELF,1
ASSEADRGETQY,1
ASSDVSTEAF,1
ASSDVDTEAF,1
ASSDTSGSALTRTDTQY,1
ASSDTRNEQF,1
ASSDTGSTDTQY,1
ASSDMNTEAF,1
ASSDENTEAF,1
ASSDDYEQY,1
ASSASTGGLPYEQY,1
ASSAGRGVYIT,1
ASSAASGGNQPQH,1
ASRVGEPLSYEQY,1
ASRSGTSGSYEQY,1
ASRSGQGGSYNEQF,1
ASRRQGRDTEAF,1
ASRQTGQGSYNEQF,1
ASRPERDSSYNEQF,1
ASRLAGANTGELF,1
ASRGVYNEQF,1
ASRGNTDTQY,1
ASRGHLGLAGGQTGELF,1
ASREIINSYEQY,1
ASREDRLNTEAF,1
ASRDMYTEAF,1
ASRALAENTGELF,1
ASRAGTDTQY,1
ASRAGQGNTEAF,1
ASRAGKYGYT,1
ASPLLGKTGPGSSYEQY,1
ASNSRDRGTGQPQH,1
ASNPDRGRNYEQY,1
ASNLGTSGGAYNEQF,1
ASMMRGTQY,1
ASMGQGVGEQY,1
ASLETVSGNTIY,1
ASKNPGLKIYEQY,1
ASISAGDTQY,1
ASGSSRIDEQY,1
ASGRGLSSGNTIY,1
ASGRDRATDTQY,1
ASGQGDEKLF,1
ASGPPAGDIQY,1
ASGMGSTEAF,1
ASGLAGGQGDTQY,1
ARTLPGGTAWY,1
ANTSVVTDTQY,1
ANRGEGTEAF,1
AISRTMNTEAF,1
AILTSGGTGELF,1
AIEGPPGDTQY,1
AGTSVVTDTQY,1
AGTLPGGTAWY,1
AGTHGIAEQY,1
AGRRQGNTEAF,1
